cluster,subreddit,url,quote_under_25_words,industry,dollar_or_time_impact,score,num_comments,source
B Overdue invoices,smallbusiness,https://www.reddit.com/r/smallbusiness/comments/1uw84p0/,"customer owes me $14k and has stopped replying, and everyone keeps saying ""just take them to court"" like that's a thing that happens Small",services/contracting,$14k,564,372,post
B Overdue invoices,smallbusiness,https://www.reddit.com/r/smallbusiness/comments/1ovpacl/,get so crazy. The client basically ghosted me and have stopped trying to pay anything at all after I stopped service. I don't have,services,$162k,230,226,post
B Overdue invoices,smallbusiness,https://www.reddit.com/r/smallbusiness/comments/1o8efjo/,"Worth it to sue a customer for $14,000 in unpaid invoices? It would be my first time suing someone, so I don't know the",services,"$14,000",233,100,post
B Overdue invoices,smallbusiness,https://www.reddit.com/r/smallbusiness/comments/1sh4b89/,"and the one thing I still can't get comfortable with is chasing payments. It's not that I don't know how, it's that every reminder",services,,54,161,post
B Overdue invoices,smallbusiness,https://www.reddit.com/r/smallbusiness/comments/1t4hryr/,me $3k and is 45 days late. How much time do you guys waste chasing unpaid invoices? It feels like i'm spending my entire,services,$3k; 45 days,65,112,post
B Overdue invoices,smallbusiness,https://www.reddit.com/r/smallbusiness/comments/1p0zi4o/,Need advice: Wholesale account owes me $25K and keeps ghosting me I run a small clothing brand and have been selling wholesale for a,wholesale/apparel,$25K,76,65,post
B Overdue invoices,smallbusiness,https://www.reddit.com/r/smallbusiness/comments/1qzkjmj/,Commercial client not paying :( My construction business that I started last year is owes $40k by a client who has been promising to,construction,$40k,142,76,post
B Overdue invoices,smallbusiness,https://www.reddit.com/r/smallbusiness/comments/1sl6m0a/,paid on receipt. right now i ve got somewhere around 180k sitting in unpaid invoices. that's real money we earned. but i can't use,B2B services,35%,38,82,post
B Overdue invoices,Contractor,https://www.reddit.com/r/Contractor/comments/1pufmg5/,a lien and was in litigation for two years. Racked up $70K of legal fees. Finally got to the point of going to trial,contracting,$70K,217,113,post
B Overdue invoices,Contractor,https://www.reddit.com/r/Contractor/comments/1q068o1/,"goes dark like that, what's your actual line? How many follow-ups before you give up or fi⁤e in small claims co⁤urt ??",contracting,,74,95,post
B Overdue invoices,electricians,https://www.reddit.com/r/electricians/comments/1s87s5s/,business and my family side. I'm good at pulling wire but I'm terrible at chasing invoices at 9pm. Anyone here running their own shop,electrical,,154,91,post
B Overdue invoices,Accounting,https://www.reddit.com/r/Accounting/comments/1s51cf8/,sales rep told customer they could have net 75 now customer won't pay at net 30 Got a call from a customer yesterday saying,B2B (accounting view),15 days,188,46,post
B Overdue invoices,smallbusiness,https://www.reddit.com/r/smallbusiness/comments/1ppx9pp/,Finally got paid $15k from a GC who ghosted me for 4 months. Here is what worked. Long story short: Did a commercial electrical,electrical contracting,$15k; 4 months,312,23,post
B Overdue invoices,LawFirm,https://www.reddit.com/r/LawFirm/comments/1qtc2o6/,"no payment (and with a warning), but I still have thousands of dollars of unpaid invoices. Any advice is appreciated!",law,,7,13,post
B Overdue invoices,LawFirm,https://www.reddit.com/r/LawFirm/comments/1pp11hg/,"per month, about a 9% increase in profitability. My unpaid balances are up slightly to $35,000 from the non paying clients I've had to",law,"9%; $35,000",42,23,post
B Overdue invoices,Lawyertalk,https://www.reddit.com/r/Lawyertalk/comments/1uyg6kr/,"We're a small firm in commercial litigation. We're getting very tired of people not paying their retainers. When a collection call is made, we",law,,48,48,post
B Overdue invoices,Lawyertalk,https://www.reddit.com/r/Lawyertalk/comments/1owd6da/,try and talk my client into settling. Probably going to just write off this $16k bill as well. Not like he is going to,law,$16k,256,76,post
B Overdue invoices,smallbusiness,https://www.reddit.com/r/smallbusiness/comments/1uw84p0/_/oxh6zvz/,"I use a collection agency. They are ruthless and you can negotiate their percentage. I use Tucker Albin services. You lose some money, but",services (WTP signal: pays % to collector),,35,,comment
B Overdue invoices,smallbusiness,https://www.reddit.com/r/smallbusiness/comments/1o8efjo/_/njua7p7/,"There's a thing called ""factoring"", where you can sell your receivables to companies that collect debts for a living. You will not get the",services (alternative to service),$14000,36,,comment
C Chargebacks and payment holds,smallbusiness,https://www.reddit.com/r/smallbusiness/comments/1phlsw0/,"Stripe is holding $8,000 of my money indefinitely. My post on r/stripe hit 16k views and was removed. Here are the receipts. I run",small merchant,"$8,000",949,245,post
C Chargebacks and payment holds,smallbusiness,https://www.reddit.com/r/smallbusiness/comments/1ruedgx/,Stripe holding $1.2M of our operating funds for 6+ weeks with No Real Support My company has $1.2 M in operating funds being held,merchant,$1.2M; $1.2 M,159,196,post
C Chargebacks and payment holds,ecommerce,https://www.reddit.com/r/ecommerce/comments/1qci3a4/,at my stripe dashboard watching my money disappear. Woke up this morning to seven chargebacks. seven. all from orders I shipped last month. all,ecommerce,"$3,400",284,122,post
C Chargebacks and payment holds,ecommerce,https://www.reddit.com/r/ecommerce/comments/1qci3a4/,"Just got charged back $3,400 in one day and I literally want to throw my laptop out the window. Not even joking rn I'm",ecommerce,"$3,400",284,122,post
C Chargebacks and payment holds,ecommerce,https://www.reddit.com/r/ecommerce/comments/1rjivlb/,Chargebacks are basically legalized theft and no one talks about it I am really convinced that chargebacks are one of the most broken systems,ecommerce,,245,150,post
C Chargebacks and payment holds,smallbusiness,https://www.reddit.com/r/smallbusiness/comments/1tnt780/,"Chargebacks for festival Man I'm so tired of chargebacks. I run a festival with about 15,000 attendees. My org is a nonprofit and we","events (15,000 attendees)",$1,365,165,post
C Chargebacks and payment holds,Entrepreneur,https://www.reddit.com/r/Entrepreneur/comments/1qlt8xl/,shopify $3k a month. they locked my store for 48 hrs becz of a chargeback on a $47 order it wasn't a ban. It,ecommerce,$3k a mo; 48 hrs; $47,435,169,post
C Chargebacks and payment holds,smallbusiness,https://www.reddit.com/r/smallbusiness/comments/1rppa5u/,"Chargebacks about to sink my whole side hustle, need chargeback prevention fast, pregnant wife counting on this Started flipping electronics couple months back, making",ecommerce,800 month,178,146,post
C Chargebacks and payment holds,restaurateur,https://www.reddit.com/r/restaurateur/comments/1smq52b/,"Being scammed with online orders Hi guys, I was curious if anyone else was facing this issue? We are seeing a lot of scams",restaurant (delivery apps),$100,0,21,post
C Chargebacks and payment holds,smallbusiness,https://www.reddit.com/r/smallbusiness/comments/1tnt780/_/onwo02o/,eat that fee regardless. They say they fight the chargeback on our behalf but who knows if they do. It's probably not even in,"events (WTP signal: relies on paid tool, distrusts it)",,15,,comment
G Card processing fee audit (existing),smallbusiness,https://www.reddit.com/r/smallbusiness/comments/1ol8edm/,be feeling my pain here. Just ran the numbers on what payment processing fees actually cost us last year now that my accountant brought,small business,$2.8M; 8%; $224K,399,362,post
G Card processing fee audit (existing),smallbusiness,https://www.reddit.com/r/smallbusiness/comments/1qfuedn/,bought by global Payments. My processing fees have always been around 4%. In 2025 the fees were around 9%. We also switched to their,small business,4%; 9%,16,56,post
G Card processing fee audit (existing),Lawyertalk,https://www.reddit.com/r/Lawyertalk/comments/1rathu6/,"has been worthwhile). My biggest surprise expense, which I was aware of but just didnt fully grasp, is credit card fees. I chose to",law (solo),,42,33,post
G Card processing fee audit (existing),smallbusiness,https://www.reddit.com/r/smallbusiness/comments/1ol8edm/_/nmgclee/,"way, of all the problems with your business model, payment processing is the smallest. Before getting pissed off at everyone else, get your shit",counter-evidence: commenter says fees are ~2.5% of gross,"$70,000; 5%",12,,comment
G Card processing fee audit (existing),smallbusiness,https://www.reddit.com/r/smallbusiness/comments/1ol8edm/_/nmgdsgg/,of paying by credit card. I owned a restaurant for 10 years. It was my second highest expense.,restaurant,3%,16,,comment
D Lost billable time (law/consulting),LawFirm,https://www.reddit.com/r/LawFirm/comments/1qsqs25/,"on my phone, forget to write it down, and lose the 0.1 billable increment. At the end of the month, that adds up to",law,1 hours; 6 minutes,51,88,post
D Lost billable time (law/consulting),Lawyertalk,https://www.reddit.com/r/Lawyertalk/comments/1s9nc77/,"last month + lots of work travel = ended up leaving a bunch of days unbilled, so now i've spent the last 48 hours",law,48 hours,510,112,post
D Lost billable time (law/consulting),Lawyertalk,https://www.reddit.com/r/Lawyertalk/comments/1tan9zr/,"Inevitably, the next round of pre-bills, Trevor has double billed the same item on the same day. Now I have to write-off all the",law,9 months; 6 months,291,244,post
D Lost billable time (law/consulting),electricians,https://www.reddit.com/r/electricians/comments/1pkt9t4/,"Customers keep questioning my hourly charges because I can't prove how long things took I did a panel upgrade for a residential customer, pretty",electrical,5 hours; $850; 4 hours,287,330,post
D Lost billable time (law/consulting),LawFirm,https://www.reddit.com/r/LawFirm/comments/1qsqs25/_/o2xj1r3/,"vendor that does time tracking. I use Legalmate, it automatically logs all of my phone calls and texts through Dialpad into time entries in",law (counter-evidence: AI tools already exist),,14,,comment
"E Missed calls, intake, no-shows",LawFirm,https://www.reddit.com/r/LawFirm/comments/1pmhgi9/,up. I have freedom (theoretically). But I just spent my Saturday afternoon handling intake for three potential clients because I was terrified that if,law (solo),,111,110,post
"E Missed calls, intake, no-shows",smallbusiness,https://www.reddit.com/r/smallbusiness/comments/1rm6jq3/,"genuinely killing us. Like not just annoying, we're talking lost revenue, wasted chair time, staff standing around. Our front desk would call patients to",dental,,531,132,post
"E Missed calls, intake, no-shows",smallbusiness,https://www.reddit.com/r/smallbusiness/comments/1r1nfib/,"right now is admin. My front desk person is juggling phones, patient intake, appointment scheduling, referral coordination, and prior authorizations for procedures. She's great",dermatology,18 months; $8K; $22K,185,253,post
A Small-dollar payer denials and underpayments,physicaltherapy,https://www.reddit.com/r/physicaltherapy/comments/1tbdqtt/,"for $65 is denied, it takes a biller (paid \~$28/hr) about 45 minutes to an hour to research the denial, wait on hold with",physical therapy,$65; $28/hr; 45 minutes,72,8,post
A Small-dollar payer denials and underpayments,physicaltherapy,https://www.reddit.com/r/physicaltherapy/comments/1tbdqtt/,"They bank on ""Administrative Exhaustion."" They deny small-balance claims for nonsense reasons, knowing your staff will never chase them. I'm a developer, so I",physical therapy (author also sells a tool: self-interested),$60; $65; $28/hr,72,8,post
A Small-dollar payer denials and underpayments,physicaltherapy,https://www.reddit.com/r/physicaltherapy/comments/1r6fht0/,Insurance denied my patient's 7th visit even though she still can't climb stairs Just got off the phone with UnitedHealthcare. They're cutting off a,physical therapy,,68,24,post
A Small-dollar payer denials and underpayments,physicaltherapy,https://www.reddit.com/r/physicaltherapy/comments/1turokv/,A ridiculous workers comp denial Sometimes I cant stand the stupidity that comes with dealing with workers comp or any insurance for that matter.,physical therapy,,75,28,post
A Small-dollar payer denials and underpayments,Chiropractic,https://www.reddit.com/r/Chiropractic/comments/1w7etcs/,"Bringing billing in-house…is it really that hard? I pay a billing company $1,000 month but really don't want to anymore if it's something I",chiropractic (WTP signal),"$1,000 m",2,23,post
A Small-dollar payer denials and underpayments,Chiropractic,https://www.reddit.com/r/Chiropractic/comments/1sy2avs/_/oir0wft/,"No it's not that bad… then again, I pay for a billing company to do everything… if I could have all BCBS PPO plans",chiropractic (WTP signal),,2,,comment
A Small-dollar payer denials and underpayments,Chiropractic,https://www.reddit.com/r/Chiropractic/comments/1w7etcs/_/p7w5t5y/,Olympus billing is good and they only do $300 base pay with 4% collections and they can do all verifications,chiropractic (competitor price point),$300; 4%,2,,comment
A Small-dollar payer denials and underpayments,physicaltherapy,https://www.reddit.com/r/physicaltherapy/comments/1tbdqtt/_/olgdgva/,How HIPAA compliant is it? As it how securely is patient data processed and stored? A small fine will easily wipe out a few,physical therapy (objection: HIPAA),,11,,comment
A Small-dollar payer denials and underpayments,Dentistry,https://www.reddit.com/r/Dentistry/comments/1pvkex8/,"are we not all oon. Ada doesn't care or do anything, get lowballed for any services we do and it's just untenable at this","dental (fee schedules: structural, not recoverable)",,64,49,post
A Small-dollar payer denials and underpayments,Dentistry,https://www.reddit.com/r/Dentistry/comments/1wo9oi7/,3 months consecutively but still after insurance reimbursement the total net collections was just at about break even (35k) on one of the months.,dental,3 months,48,63,post
F Vendor COI / prequal compliance,smallbusiness,https://www.reddit.com/r/smallbusiness/comments/1sh61hu/,and I swear I spend half my Mondays just staring at a spreadsheet trying to figure out whose COI is about to expire. We,landscaping/property services,,0,20,post
F Vendor COI / prequal compliance,smallbusiness,https://www.reddit.com/r/smallbusiness/comments/1tdbch2/,"lost a 100k contract because my safety paperwork wasn't up to their standard a small landscaping and civil crew in SEQ, 8 guys doing",landscaping/civil,,16,45,post
F Vendor COI / prequal compliance,smallbusiness,https://www.reddit.com/r/smallbusiness/comments/1wellfk/,"obtain or that would significantly increase my premiums. Custom COI requests with multiple additional insureds. And then 45,60 day payment terms that start on",services to enterprise,60 day,16,30,post
J HVAC warranty recovery (existing),HVAC,https://www.reddit.com/r/HVAC/comments/1o2h1lw/,"use it with it. Impossible to make a profit recently with all the free warranty labor work from shit products. Carrier, Lennox, Goodman, all",HVAC,,25,38,post
K Delivery-app disputes (existing),smallbusiness,https://www.reddit.com/r/smallbusiness/comments/1o72aqi/,"all small business owners - Uber Eats' ""daily ad budget"" quietly stacks and double-charges! I paused ads, they still billed me, hid my store,",restaurant,$100; $3.88,36,15,post
K Delivery-app disputes (existing),smallbusiness,https://www.reddit.com/r/smallbusiness/comments/1sukdal/,30% commission). The prices on my page are lower than UberEats because I don't have to inflate them to cover the fees. Problem is,restaurant,30%,216,164,post
L UPS/FedEx refunds (existing),smallbusiness,https://www.reddit.com/r/smallbusiness/comments/1p68wjj/,UPS is charging us heavy surcharges every week. Hi - as the title suggests…I work for a small business and we ship a lot,small shipper,,64,71,post
