cluster,status,1 Painkiller strength,2 Frequency,3 Willingness to pay,4 AI resistance (3yr),5 Delivery automatable,6 Outreach automatable (x2),7 Massive pain,8 Purchasing power,9 Easy to target,10 Growing,11 Dream outcome,12 Perceived likelihood (provable upfront),13 Speed to result,14 Low client effort,15 Grand Slam Offer potential,16 Recurring revenue,17 LTV:CAC,18 Gross margin at scale,19 Reachable by paid ads + direct mail,TOTAL_of_100,avg_rev_per_client,clients_for_1M,reachable_market,share_needed_pct,hard_requirement_notes
A Small-dollar payer denials and underpayments (independent clinics),NEW,4,3,4,4,3,4,3,3,5,4,4,5,3,3,5,4,4,3,5,77,3600,278,113000,0.25,"License: none for provider-side appeals, BUT avoid collecting patient balances (collections licensing). HIPAA BAA + security required. Obsolescence: medium risk (payer AI vs provider AI arms race helps demand). Margin: ~60-65% if human review is kept small."
E Missed calls / intake / no-show follow-up,NEW (crowded),4,5,4,2,5,4,3,3,4,3,3,3,5,4,3,5,2,4,5,75,2388,419,1050000,0.04,FAILS the 'don't anchor' brief and obsolescence: AI receptionist/follow-up is the most crowded category.
M Detention / accessorial claim filing for small carriers,NEW (added after first pass),4,3,3,4,3,5,3,2,5,3,3,4,3,3,5,4,3,4,5,74,2400,417,500000,0.08,License: none for filing claims in the carrier's name; VERIFY state commercial-collections rules before any escalation. Not brokering. Obsolescence: medium (TMS/ELD vendors and dedicated detention tools already exist). Evidence caveat: several supporting posts look like idea-validation by builders.
C Chargeback / processor-hold dispute packaging,NEW,4,4,3,3,4,4,4,2,3,4,3,4,3,4,5,4,3,4,4,73,1500,667,150000,0.44,License: none. Obsolescence: medium (Stripe/Shopify shipping native dispute tooling). Margin OK. Purchasing power weak (small merchants).
D Lost billable time capture (small law/consulting),NEW,3,3,3,1,4,5,2,4,5,3,3,4,4,3,3,5,3,5,5,73,1188,842,180000,0.47,FAILS obsolescence: commenters already use AI that logs calls into Clio. Reject.
"B Overdue-invoice follow-up + lien/notice deadlines (owner-name, not collections)",NEW,4,5,2,2,4,4,4,3,4,3,3,3,4,3,3,4,2,4,4,69,1788,559,1050000,0.05,License: FAIL if we collect debts for owners; OK only as owner-name reminders/notices. Obsolescence: HIGH (accounting/invoicing software already ships reminders). Margin OK.
G Card processing fee audit,EXISTING #1,3,3,2,4,4,4,2,3,4,3,3,5,3,4,4,3,3,4,4,69,750,1333,4500000,0.03,No license if audit-only; taking processor residuals would be ISO/sales-agent territory (avoid). Many free/contingent audit competitors. Reddit thread shows owners think fees are small next to other costs.
L UPS/FedEx late-delivery refunds,EXISTING #6,2,2,3,4,5,4,2,3,3,2,3,5,4,4,5,3,3,5,3,69,1500,667,300000,0.22,"Real money, but crowded contingency market (25-50% fees) and zero Reddit voice."
N Unbilled extras / change-order capture (contractors),NEW (added after first pass),3,3,2,2,4,4,2,3,4,3,3,3,4,3,2,4,2,5,4,64,1188,842,598000,0.14,"FAILS obsolescence: contractor software already ships change orders and will add AI capture. Behavior problem (owner freezes), not a tooling gap."
J HVAC manufacturer warranty claim recovery,EXISTING #4,3,2,2,4,3,4,2,3,4,2,3,3,3,2,4,3,3,4,4,62,2500,400,111207,0.36,Only ~10 relevant posts; one venting HVAC tech. Manufacturer portals differ by brand.
F Vendor COI / prequal compliance tracking,NEW,3,2,2,3,4,4,2,3,4,3,3,2,3,3,2,4,2,4,4,61,1188,842,598000,0.14,Low willingness to pay; thin evidence.
K Delivery-app dispute recovery,EXISTING #5,2,2,2,3,4,4,2,2,3,3,2,4,3,3,4,3,2,4,4,60,750,1333,430000,0.31,Two relevant complaints; platforms auto-refund customers and give ~10 days to dispute.
H Utility bill audit (audit only),EXISTING #2,3,1,2,4,3,4,1,3,3,2,3,5,2,3,4,2,2,4,3,58,450,2222,2000000,0.11,Almost no Reddit evidence; many established contingency auditors.
I Manufacturer co-op fund recovery,EXISTING #3,3,1,1,4,3,3,1,3,2,2,3,3,2,2,4,3,3,4,3,53,1250,800,200000,0.4,Effectively zero Reddit evidence (one removed MSP post). Manufacturer-by-manufacturer rules kill automation.
